{"cameraMode":{"drawMode":0,"name":"Shaded","section":"Shading Mode"},"sceneLighting":true,"audioPlay":false,"sceneViewState":{"m_AlwaysRefresh":false,"showFog":true,"showSkybox":true,"showFlares":true,"showImageEffects":true,"showParticleSystems":true,"showVisualEffectGraphs":true,"m_FxEnabled":true},"in2DMode":false,"pivot":{"x":1.233473539352417,"y":5.384504795074463,"z":-2.1398580074310304},"rotation":{"x":0.06916896253824234,"y":0.049987904727458957,"z":-0.0034593860618770124,"w":0.9963544607162476},"size":25.66759490966797,"orthographic":false}